{"mins":[0.101715087890625,-1.0656610107421876,0.00742828369140625,0.23448787063829968,0.2968305048029387,0.16295965744581822,0.9881744384765625,1.7306671142578125,0.9030609130859375,0.3358247054166474,1.0176987712859753,0.18282114017682788,1.0427968354326054,0.32980107685601806,2.043828341550627],"maxs":[0.30369293212890625,-0.9028900146484375,0.1628411865234375,0.503070938074333,0.5592305110036301,0.46133703405192483,2.402679443359375,3.241180419921875,2.6423187255859375,0.5661583206762264,1.1761969874614102,0.48877306443860935,1.2115910456819425,0.5962313444720385,3.2927370058222856]}